points;correction;
zSUR10;-0.00542;0
zSUR09;0.008278;0
zSUR11;-0.00478;0
zSUR12;-0.0055;0
zRU4A;-0.00853;0
